id,name,published,outlet,title,authors,category,market,categoryorder,articleorder,url,description,text,image,error,sentiment,firstEyes
,California,2025-06-14 21:05:25+00:00,WJBF,Georgia Dept. of Early Care and Learning releases statement after death of 4-month-old at home daycare,,,,,,https://www.wjbf.com/news/georgia-news/georgia-dept-of-early-care-and-learning-releases-statement-after-death-of-4-month-old-at-home-daycare/,GEORGIA (WJBF) – The Georgia Department of Early Care and Learning (DECAL) released a statement following the death of a 4-month-old at a home daycare Thursday morning. Read the full statemen…,,https://www.wjbf.com/wp-content/uploads/sites/47/2024/09/Ambulance-generic-1-1-1-e1704999045161.jpg?w=1280,,,2025-06-14 18:02:07.525435
,California,2025-06-14 20:13:35+00:00,www.streetinsider.com,WWII Child Survivor Releases Compelling Philippine Memoir - StreetInsider,,,,,,https://www.streetinsider.com/Press%2BReleases/WWII%2BChild%2BSurvivor%2BReleases%2BCompelling%2BPhilippine%2BMemoir/24937582.html,"... early education. A First High School Valedictorian, he achieved ... California, Davis (UCD), as a University Scholar. His pursuit of ...",,,,,2025-06-14 19:02:18.804775
,California,2025-06-14 19:35:58+00:00,Tallahassee Democrat,"Lawmakers seal lean budget deal, aim for June 16 final vote",,,,,,https://www.tallahassee.com/story/news/local/state/2025/06/13/legislature-state-budget-deal/84190888007/,"Florida lawmakers put the finishing touches on the state budget, agreeing to nearly $560 million in funding for special projects.",,"https://www.tallahassee.com/gcdn/authoring/authoring-images/2025/03/10/PTAL/82244349007-purple-lighting-ceremony-12.jpg?crop=4316,2429,x0,y224&width=3200&height=1801&format=pjpg&auto=webp",,,2025-06-14 19:02:18.804775
,California,2025-06-14 19:10:50+00:00,www.behealthysacramento.org,Indicators :: Childcare & Early Childhood Education - Be Healthy Sacramento,,,,,,https://www.behealthysacramento.org/indicators/index/dashboard%3Falias%3DChildcareEarlyChildhoodEducation,Be Healthy Sacramento is a hub designed to display and share public data on a variety of topics from education to health.,,,,,2025-06-14 19:02:18.804775
,California,2025-06-14 18:45:59+00:00,Ideastream Public Media,Trump's immigration response poses political risks,,,,,,https://www.ideastream.org/2025-06-14/trumps-immigration-response-poses-political-risks,President Trump's approach to deportations is giving Democrats a unifying message in opposition to him. But the Democratic Party still lacks a common vision for what it would do differently.,,https://npr.brightspotcdn.com/dims4/default/8e48dd1/2147483647/strip/true/crop/2957x1552+0+55/resize/1200x630!/quality/90/?url=https%3A%2F%2Fnpr.brightspotcdn.com%2Fdims3%2Fdefault%2Fstrip%2Ffalse%2Fcrop%2F2957x1663%200%20148%2Fresize%2F2957x1663%21%2F%3Furl%3Dhttp%3A%2F%2Fnpr-brightspot.s3.amazonaws.com%2F9b%2Fc9%2F7af1533d420fba727f395158d776%2Fgettyimages-2219197888.jpg,,,2025-06-14 19:02:18.804775
,California,2025-06-14 18:45:40+00:00,Ideastream Public Media,"'Wait Wait' for June 14, 2025: With Not My Job guest Chris Perfetti",,,,,,https://www.ideastream.org/2025-06-14/wait-wait-for-june-14-2025-with-not-my-job-guest-chris-perfetti,"This week, Wait Wait is live in Chicago with guest host Negin Farsad, special guest Chris Perfetti and panelists Joyelle Nicole Johnson, Alonzo Bodden, and Luke Burbank",,https://npr.brightspotcdn.com/dims4/default/b64a914/2147483647/strip/true/crop/1600x840+0+30/resize/1200x630!/quality/90/?url=https%3A%2F%2Fnpr.brightspotcdn.com%2Fdims3%2Fdefault%2Fstrip%2Ffalse%2Fcrop%2F1600x900%200%200%2Fresize%2F1600x900%21%2F%3Furl%3Dhttp%3A%2F%2Fnpr-brightspot.s3.amazonaws.com%2Fd1%2F84%2F09fad76c4b77b7d5283cb2fb012d%2Fwwdtm-landscape-template.png,,,2025-06-14 17:01:34.807184
,California,2025-06-14 18:27:54+00:00,Daily Freeman,"Mid-Hudson Valley Youth on the Go: For the week of June 15, 2025",,,,,,https://www.dailyfreeman.com/2025/06/14/mid-hudson-valley-youth-on-the-go-for-the-week-of-june-15-2025/,Kingston High School senior Veronica Green was named the first recipient of the Helen Williams Scholarship at the 30th anniversary awards ceremony of Today’s Students Tomorrow’s Teacher…,,https://www.dailyfreeman.com/wp-content/uploads/2025/06/DFN-L-veronica-green-01.jpg?w=640&h=800,,,2025-06-14 17:01:34.807184
,California,2025-06-14 18:16:09+00:00,www.politico.com,Trump knocks California on its heels: 'He's pulling the trigger on everything all at once.',,,,,,https://www.politico.com/news/2025/06/14/the-week-trump-rocked-california-00405932,... education dollars over California's policies on transgender athletes. ... funding by blocking the flow of tax dollars from California to Washington.,,,,,2025-06-14 16:03:34.876059
,California,2025-06-14 17:18:20+00:00,Pittsburgh Post-Gazette,From teaching history to coaching Sidney Crosby: Dan Muse's unconventional path to Penguins,,,,,,https://www.post-gazette.com/sports/penguins/2025/06/14/dan-muse-penguins-head-coach-chicago-steel-yale-bulldogs/stories/202506150081,"“Teach me something,” Larry Robbins said as he handed Dan Muse a whiteboard.
It was spring 2015 and Robbins, the new owner of the Chicago Steel...",,https://9b16f79ca967fd0708d1-2713572fef44aa49ec323e813b06d2d9.ssl.cf2.rackcdn.com/1140x_a10-7_cTC/20250611glpens-05-1-jpg-1749843307.jpg,,,2025-06-14 16:03:34.876059
,California,2025-06-14 17:17:06+00:00,The Baltimore Banner,‘No Kings’ protests spread across US as Trump gets military parade,,,,,,https://www.thebaltimorebanner.com/politics-power/national-politics/no-kings-protests-spread-across-us-as-trump-gets-military-parade-4U2FHVWNABEVJOQBVFLYVGGLDM/,Opponents of the president’s agenda are simultaneously rallying in hundreds of cities nationwide at “No Kings” protests.,,"https://www.thebaltimorebanner.com/resizer/v2/GWU3YBBE6RBQ3LBDVVYTZG7XT4.jpg?auth=1cf39278936d00900562e1ca9215441a1311b959d1988c71d21beb4f73e181cf&width=900&focal=2508,2091&quality=85",,,2025-06-14 14:03:52.171793
,California,2025-06-14 17:02:16+00:00,The San Francisco Standard,SF’s school district says it finally figured out a budget to avoid bankruptcy,,,,,,https://sfstandard.com/2025/06/13/sfusd-budget-solvency/,"Superintendent Maria Su said she has successfully made $113 million in cuts, putting the district on the path to avoid bankruptcy.",,https://content.sfstandard.com/wp-content/uploads/2024/10/20240918-schoolclosurelobby_0321.jpg?crop=0px%2C0px%2C5000px%2C2625px&w=1200,,,2025-06-14 15:03:08.508530
,California,2025-06-14 16:50:18+00:00,The Columbus Dispatch,"Rep. Joyce Beatty missed narrow vote on PBS, NPR funding due to medical procedure",,,,,,https://www.dispatch.com/story/news/politics/2025/06/13/why-did-rep-joyce-beatty-miss-key-congressional-vote-on-doge-cuts/84190082007/,Rep. Joyce Beatty was among four Democratic representatives who did not participate in a narrow vote that would codify some DOGE cuts.,,"https://www.dispatch.com/gcdn/authoring/authoring-images/2025/04/11/NCOD/83051534007-dsc-0675.JPG?crop=3983,2241,x0,y207&width=3200&height=1801&format=pjpg&auto=webp",,,2025-06-14 16:03:34.876059
,California,2025-06-14 16:37:16+00:00,ColoradoBoulevard.net,From Tragedy to Triumph: Pasadena Unified Celebrates Resilience and Progress in 2025 Report to the Community,,,,,,https://www.coloradoboulevard.net/from-tragedy-to-triumph-pasadena-unified-celebrates-resilience-and-progress-in-2025-report-to-the-community/,"The Pasadena Unified School District (PUSD) has unveiled its 2025 Report to the Community, a powerful testament to the district's resilience and the unwavering ",,https://www.coloradoboulevard.net/wp-content/uploads/2025/06/PUSD-Report.jpg,,,2025-06-14 18:02:07.525435
,California,2025-06-14 16:04:03+00:00,oregonlive,This Oregon college student couldn’t speak English 3 years ago. Today she’s graduating with honors,,,,,,https://www.oregonlive.com/education/2025/06/this-oregon-college-student-couldnt-speak-english-3-years-ago-today-shes-graduating-with-honors.html,"As an award-winning singer, songwriter and guitar player, the grad has also become a mainstay in the local arts community. ",,https://www.oregonlive.com/resizer/v2/VSX7JBIS75BRNLWNLPJROXVTE4.jpg?auth=24e587ef6a981e8d45e2c86ce4d15109fbb06d9d8381adaf75f8a2542970da05&width=1280&quality=90,,,2025-06-14 13:02:39.385823
,California,2025-06-14 15:49:11+00:00,www.king5.com,Tacoma schools face over 400 staff displacements amid $30M shortfall - KING 5,,,,,,https://www.king5.com/article/news/local/budget-shortfall-tacoma-schools-layoffs/281-c806e609-f45a-40f3-9743-c22c86df4197,"“The state's basic education funding formula is inadequate and has been for years,” the district said in its update. “The total amount of money we ...",,,,,2025-06-14 13:02:39.385823
,California,2025-06-14 15:13:47+00:00,Columbia Gorge News,"Oregon’s Preschool Promise Program Celebrates Five Years of Statewide Impact, Serving More Than 5,200 Children This Year",,,,,,https://www.columbiagorgenews.com/free_news/oregon-s-preschool-promise-program-celebrates-five-years-of-statewide-impact-serving-more-than-5/article_cb3ff7e0-070f-4981-8c8b-8282948fd7d6.html,"Launched in 2016 as a small, regional pilot, the program expanded in 2020 statewide and now serves more than 5,200 children across all 36 counties",,https://bloximages.newyork1.vip.townnews.com/columbiagorgenews.com/content/tncms/custom/image/6bca8190-c1eb-11ea-bb03-7fd513960224.jpg?resize=600%2C315,,,2025-06-14 17:01:34.807184
,California,2025-06-14 15:12:50+00:00,Greenwich Time,Greenwich residents decry plan to convert Havemeyer Building into a hotel: 'Colossal waste of time',,,,,,https://www.greenwichtime.com/news/article/havemeyer-building-greenwich-avenue-hotel-20373807.php,"""This does not check the boxes for what we need in Central Greenwich,"" Adele Rota said.",,https://s.hdnux.com/photos/01/50/35/31/27383396/6/rawImage.jpg,,,2025-06-14 14:03:52.171793
,California,2025-06-14 15:11:30+00:00,Michigan Public,GOP passes higher education budget. Dems call it “not serious.” What happens next?,,,,,,https://www.michiganpublic.org/politics-government/2025-06-13/gop-passes-higher-education-budget-dems-call-it-not-serious-what-happens-next,The state House met into the night on Thursday as Republicans voted on their higher education budget. We know it is a non-starter in the Democratic-controlled Senate. A look at what happens next in Lansing before a looming July 1st budget deadline.,,https://npr.brightspotcdn.com/dims4/default/09569f7/2147483647/strip/true/crop/1200x630+0+35/resize/1200x630!/quality/90/?url=http%3A%2F%2Fnpr-brightspot.s3.amazonaws.com%2F37%2F4f%2F6197f43c450282467450dc3b59cc%2Fijp-newsletter-6-13-3.png,,,2025-06-14 13:02:39.385823
,California,2025-06-14 14:52:17+00:00,Springfield News-Leader,SPS breaks ground on new Pipkin Middle School with 'aggressive' construction timeline,,,,,,https://www.news-leader.com/story/news/education/2025/06/13/springfield-district-breaks-ground-new-pipkin-middle-school/84170972007/,Land for the $53 million project was purchased from the General Council of the Assemblies of God and is funded as part of the April 2023 bond issue.,,"https://www.news-leader.com/gcdn/authoring/authoring-images/2024/11/26/PSPR/76593772007-pipkinentry.JPG?crop=1022,574,x0,y0&width=1022&height=574&format=pjpg&auto=webp",,,2025-06-14 13:02:39.385823
,California,2025-06-14 14:34:59+00:00,www.sebastopoltimes.com,Herbal tea company Traditional Medicinals turns 50,,,,,,https://www.sebastopoltimes.com/p/herbal-tea-company-traditional-medicinals,A Q&A with co-founder Drake Sadler,,"https://substackcdn.com/image/fetch/w_1200,h_600,c_fill,f_jpg,q_auto:good,fl_progressive:steep,g_auto/https%3A%2F%2Fsubstack-post-media.s3.amazonaws.com%2Fpublic%2Fimages%2Fd479e8ef-4e87-4dbc-b2a4-f55c4c548f5f_922x637.webp",,,2025-06-14 17:01:34.807184
,California,2025-06-14 14:32:28+00:00,Los Angeles Times,"Twin federal proposals threaten provider taxes, key source of Medicaid funding for states",,,,,,https://www.latimes.com/business/story/2025-06-14/twin-federal-proposals-threaten-provider-taxes-key-source-of-medicaid-funding-for-states,"Republican efforts to restrict taxes on hospitals, health plans, and other providers that states use to help fund their Medicaid programs could strip them of tens of billions of dollars.",,https://ca-times.brightspotcdn.com/dims4/default/40c4d7a/2147483647/strip/true/crop/6000x3150+0+425/resize/1200x630!/quality/75/?url=https%3A%2F%2Fcalifornia-times-brightspot.s3.amazonaws.com%2F97%2F47%2F0b6f8de54dc38016a1bb8fbfebd7%2F1498797-me-reconciliation-budget-bill-rallies-07-ajs.jpg,,,2025-06-14 11:03:44.918749
,California,2025-06-14 14:02:51+00:00,www.yoursun.com,Laura Freedman receives Person of Valor Award,,,,,,https://www.yoursun.com/venice/news/laura-freedman-receives-person-of-valor-award/article_14736c5a-fda9-456b-b22b-785b779415d0.html,"SARASOTA — Laura Freedman, longtime Director of Early Childhood Education at The Gan at Temple Sinai, recently received the prestigious Person of Valor Award for the 2024–2025 school year.",,https://bloximages.newyork1.vip.townnews.com/yoursun.com/content/tncms/assets/v3/editorial/9/33/9334a844-191a-42bb-bb3a-cce63b573f2d/684a1e222ca5f.image.jpg?crop=1497%2C786%2C0%2C299&resize=1200%2C630&order=crop%2Cresize,,,2025-06-14 17:01:34.807184
,California,2025-06-14 14:02:31+00:00,Morning Journal,"Horizon Education Centers launches superhero-themed summer camps in Lorain, Cuyahoga counties",,,,,,https://www.morningjournal.com/2025/06/14/horizon-education-centers-launches-superhero-themed-summer-camps-in-lorain-cuyahoga-counties/,"Horizon Education Centers recently kicked off its 10-week summer camp program and welcomed over 1,118 children ages 6 to 14 across 16 locations in Cuyahoga and Lorain counties, according to a news …",,https://www.morningjournal.com/wp-content/uploads/2025/06/MJE-L-HORIZONSUPERTHEME-0613-01.jpg?w=1024&h=962,,,2025-06-14 13:02:39.385823
,California,2025-06-14 13:30:46+00:00,The American Prospect,New York Democrats are Wasting an Opportunity to Reverse COVID Learning Loss,,,,,,https://prospect.org/education/2025-06-14-covid-learning-loss-tutoring-new-york-democrats/,Pilot programs have shown success tutoring students. The state government has yet to follow suit.,,https://prospect.org/downloads/23064/download/AP23005644131140.jpg?cb=14de8923d283281c96d9ceadb5a3849a&w=1200,,,2025-06-14 13:02:39.385823
,California,2025-06-14 13:17:44+00:00,Gladeo,"Gladeo: Isang inclusive, next-gen career navigation platform para sa hinaharap ng trabaho",,,,,,https://tl.bayarea.gladeo.org/program/associate-science-early-childhood-education-site-supervisor,"Ang aming misyon ay tulungan ang mga indibidwal mula sa magkakaibang background na magkaroon ng kamalayan, paghahanda, at access sa mga panggitna at mataas na skilled na karera. Bumubuo kami ng mas inklusibo, patas, at handa na manggagawa sa hinaharap.",,http://gladeo.org/sites/default/files/inline-images/Welcome%20to%20Gladeo%20Hero%20Image%20%281%29.jpg,,,2025-06-14 12:06:07.586323
,California,2025-06-14 13:12:05+00:00,Detroit Free Press,Preserving VA funding is a better than a military parade | Letters,,,,,,https://www.freep.com/story/opinion/readers/2025/06/14/trump-va-cuts-special-education-protests-letters/84189793007/,"Letter writers share their opinions on plans to cut veteran support programs and funding for special education, and how to preserve mental health.",,"https://www.freep.com/gcdn/authoring/authoring-images/2025/02/28/PDTF/80865496007-img-6687.jpg?crop=4031,2269,x0,y377&width=3200&height=1802&format=pjpg&auto=webp",,,2025-06-14 11:03:44.918749
,California,2025-06-14 12:44:04+00:00,www.fresnobee.com,Clovis Unified faces a budget deficit despite growing enrollment. Here's why - Fresno Bee,,,,,,https://www.fresnobee.com/news/local/education-lab/article308596450.html,"The Central Valley, California, school district plans to tackle the shortfall while funding employee benefits, special education & major ...",,,,,2025-06-14 11:03:44.918749
,California,2025-06-14 12:39:53+00:00,pasadenanow.com,Pasadena School District Faces Very Tough Choices to Cope With Budget Shortfall,,,,,,https://pasadenanow.com/main/pasadena-school-district-faces-very-tough-choices-to-cope-with-budget-shortfall,"Positive factors include discretionary block grant one-time funds, additional learning recovery funding, increased transitional kindergarten funding, ...",,,,,2025-06-14 11:03:44.918749
,California,2025-06-14 12:30:33+00:00,Newsweek,Map shows the 50 best school districts across US,,,,,,https://www.newsweek.com/map-fifty-best-school-districts-us-2083699,"Top school districts were frequently found in Illinois, California, and New York, according to the report.",,https://d.newsweek.com/en/full/2660646/map-best-school-districts-us.png,,,2025-06-14 11:03:44.918749
,California,2025-06-14 12:08:38+00:00,www.sacbee.com,Food Literacy Center secures $500k from Sacramento to fight food insecurity,,,,,,https://www.sacbee.com/news/equity-lab/article308578635.html,"... children in Sacramento suffered from childhood obesity or were overweight. According to the California Department of Education, 94% of students ...",,,,,2025-06-14 11:03:44.918749
,California,2025-06-14 12:05:42+00:00,Rio Rancho Observer,"Report: New Mexico ranks last in the nation for child well-being, again",,,,,,https://rrobserver.com/news/new_mexico_news/report-new-mexico-ranks-last-in-the-nation-for-child-well-being-again/article_2633db27-4800-5961-abc5-4d0c4303aa05.html,"New Mexico has once again been ranked the worst state in the country for child well-being, according to the newest annual Annie E. Casey Foundation Kids Count data book.",,https://bloximages.chicago2.vip.townnews.com/rrobserver.com/content/tncms/assets/v3/editorial/2/64/264b4960-bb83-57f9-a426-d7fbda4d364c/684af6067a43a.image.jpg?crop=1774%2C931%2C0%2C118&resize=1200%2C630&order=crop%2Cresize,,,2025-06-14 13:02:39.385823
,California,2025-06-14 12:05:31+00:00,WSGW 790 AM & 100.5 FM,Federal Child Care and Education Funding to Be Announced at Hemlock Elementary - WSGW 790 AM & 100.5 FM,,,,,,https://www.wsgw.com/federal-child-care-and-education-funding-to-be-announced-at-hemlock-elementary/,Congresswoman McDonald Rivet will announce federal funding to support education and community programs in mid-Michigan.,,https://www.wsgw.com/wp-content/uploads/2023/06/hemlock-schools-logo-local-e1694799753640.jpg?icb=1749908044,,,2025-06-14 11:03:44.918749
,California,2025-06-14 12:02:32+00:00,San Francisco Examiner,SFUSD releases $1.3B budget,,,,,,https://www.sfexaminer.com/news/education/sfusd-avoids-teacher-layoffs-in-balanced-budget-release/article_e1486e0f-bd0a-43b3-a231-8fa1f537c5c3.html,It’s one of the most anticipated in recent memory.,,https://bloximages.chicago2.vip.townnews.com/sfexaminer.com/content/tncms/assets/v3/editorial/e/ed/eed90fa2-3ab3-4685-865d-94a2dff6b0c9/684cb7ef6736a.image.jpg?crop=1763%2C926%2C0%2C124&resize=1200%2C630&order=crop%2Cresize,,,2025-06-14 11:03:44.918749
,California,2025-06-14 12:02:14+00:00,The Salt Lake Tribune,"Opinion: Red-state universities will get hit by Trump’s cuts, too",,,,,,https://www.sltrib.com/opinion/commentary/2025/06/14/opinion-red-state-universities,"Opinion: Red-state universities will get hit by Trump’s cuts, too",,https://www.sltrib.com/resizer/v2/https%3A%2F%2Fcloudfront-us-east-1.images.arcpublishing.com%2Fsltrib%2FABARC4J4HFGUHEOTMNZI3INBIQ.jpg?auth=414d5e04e23a67195c654c1b17b5e58523b230fb447e75d94587a3ee7624e884&width=1200,,,2025-06-14 15:03:08.508530
,California,2025-06-14 10:49:01+00:00,Introduction to Curriculum for Early Childhood Education,14.5: Continuing the Cycle – Introduction to Curriculum for Early Childhood Education,,,,,,https://pressbooks.atlanticoer-relatlantique.ca/ece-curriculum/chapter/14-5-continuing-the-cycle/,"<img src=""https://pressbooks.atlanticoer-relatlantique.ca/app/uploads/sites/638/2025/06/nscc-open-textbook-logo.png"" width=""250"" height=""300"" alt=""image"" /><br />",,https://pressbooks.atlanticoer-relatlantique.ca/app/uploads/sites/638/2023/08/Intro-to-Curriculum-ECE-Cover-1.jpg,,,2025-06-14 12:06:07.586323
,California,2025-06-14 10:48:43+00:00,Montgomery Advertiser,Nonprofit funds summer-learning programs in Montgomery and across Alabama,,,,,,https://www.montgomeryadvertiser.com/story/news/education/2025/06/14/nonprofit-funds-summer-learning-programs-across-alabama/84051856007/,"Children ages 6 to 13 can join the program, which is tailored to each student at 84 sites across 31 counties.",,"https://www.montgomeryadvertiser.com/gcdn/presto/2021/08/09/PMOY/01ceb223-da78-4a9c-8330-4c996503dc15-wet12.jpg?crop=3299,1856,x0,y0&width=3200&height=1801&format=pjpg&auto=webp",,,2025-06-14 11:03:44.918749
,California,2025-06-14 10:38:16+00:00,www.the74million.org,The Feds Are Coming for Immigrant Kids,,,,,,https://www.the74million.org/article/the-feds-are-coming-for-immigrant-kids/,There’s an innate tension between school safety and students’ civil rights. The 74’s Mark Keierleber keeps you up to date on the news you need to know,,https://www.the74million.org/wp-content/uploads/2025/06/school-insecurity-newsletter-june13-1-825x495.jpg?cb=1016961,,,2025-06-14 11:03:44.918749
,California,2025-06-14 10:11:10+00:00,Newport Daily News,It’s time for Rhode Island to invest in bilingual education | Opinion,,,,,,https://www.newportri.com/story/opinion/columns/2025/06/14/investing-in-bilingual-education-can-benefit-all-rhode-islanders-opinion/83889245007/,The authors urge support for legislation that would support bilingual education statewide.,,"https://www.newportri.com/gcdn/authoring/authoring-images/2025/02/17/NPRJ/78986507007-sasse-1.JPG?crop=3103,1746,x0,y0&width=3103&height=1746&format=pjpg&auto=webp",,,2025-06-14 13:02:39.385823
,California,2025-06-14 09:47:53+00:00,sbcsentinel.com,Former Etiwanda School District Teacher Alleges Widespread Abuses Pervade Preschool Programs,,,,,,https://sbcsentinel.com/2025/06/abc/,... Learning Opportunities Program funding from the State of California. ... California Master Plan for Early Learning and Care through. a dramatic ...,,,,,2025-06-14 12:06:07.586323
,California,2025-06-14 08:52:17+00:00,Yahoo News,Opinion - Democrats have lost their way on education policy. Here’s how to get back on track.,,,,,,https://www.yahoo.com/news/opinion-democrats-lost-way-education-183000737.html,"Democratic Party needs to move beyond defending status quo institutions and drive an abundant education agenda focused on results, as well as reclaim the mantle as the party of progressive change, to ensure the future of American democracy.",,https://media.zenfs.com/en/the_hill_articles_341/32235c3904dea2e77530cbb232393d8d,,,2025-06-14 11:03:44.918749
,California,2025-06-14 08:40:59+00:00,Education Week,Student Well-Being Report Shows How Kids Are Doing in Education and Beyond,,,,,,https://www.edweek.org/leadership/student-well-being-report-shows-how-kids-are-doing-in-education-and-beyond/2025/06,"Student well-being has seen some progress, but education continues to decline.",,https://epe.brightspotcdn.com/dims4/default/72dbd98/2147483647/strip/true/crop/1720x1150+0+0/resize/942x630!/quality/90/?url=https%3A%2F%2Fepe-brightspot.s3.us-east-1.amazonaws.com%2Fe7%2Fc5%2Fe996d9224e3fac5a98dd2c51e698%2F061225-middle-school-edu-bs.jpg,,,2025-06-14 11:03:44.918749
,California,2025-06-14 07:05:30+00:00,St. Charles Herald Guide,Summer storytelling event prepares children – and parents – for kindergarten  - St. Charles Herald Guide,,,,,,https://www.heraldguide.com/news/summer-storytelling-event-prepares-children-and-parents-for-kindergarten/,"The community’s young students-to-be can enjoy a day of storytelling, snowballs and crafts this Saturday in Destrehan – all of it for free, and all of it for a purpose.   The St. Charles Parish Public [...]",,https://www.heraldguide.com/wp-content/uploads/2025/06/View-recent-photos-1-e1749863075724.jpg,,,2025-06-14 06:00:24.238043
,California,2025-06-14 06:45:35+00:00,www.msn.com,JFC meeting postponed multiple times as members discuss special education in state budget - MSN,,,,,,http://www.msn.com/en-us/news/politics/jfc-meeting-postponed-multiple-times-as-members-discuss-special-education-in-state-budget/ar-AA1GCa91%3Fapiversion%3Dv2%26noservercache%3D1%26domshim%3D1%26renderwebcomponents%3D1%26wcseo%3D1%26batchservertelemetry%3D1%26noservertelemetry%3D1,"... One of the larger topics of the 2025-2027 governors budget is special education funding. © wsaw. MADISON, Wis. (WSAW) - The Joint ...",,,,,2025-06-14 11:03:44.918749
,California,2025-06-14 06:19:09+00:00,Michigan Public,"UM, MSU raise tuition with funding from state and federal governments uncertain",,,,,,https://www.michiganpublic.org/education/2025-06-13/um-msu-raise-tuition-with-funding-from-state-and-federal-governments-uncertain,"The University of Michigan and Michigan State University are raising tuition, partly in response to uncertain funding from the state and federal governments.",,https://npr.brightspotcdn.com/dims4/default/aa79675/2147483647/strip/true/crop/4032x2117+0+76/resize/1200x630!/quality/90/?url=http%3A%2F%2Fnpr-brightspot.s3.amazonaws.com%2Flegacy%2Fsites%2Fmichigan%2Ffiles%2F202010%2Funiversity-michigan-students.jpg,,,2025-06-14 02:59:33.218064
,California,2025-06-14 06:02:41+00:00,The Press Democrat,Sonoma County students are far below state literacy rates. This new effort aims to help,,,,,,https://www.pressdemocrat.com/article/news/sonoma-county-students-literacy/,A pilot teaching fellowship offered by the county office of education is seeking to help improve reading proficiency among young students.,,https://imengine.prod.srp.navigacloud.com/?uuid=a439355a-236a-50e6-8f32-bb1efe03f3b1&type=primary&q=75&width=1600,,,2025-06-14 06:00:24.238043
,California,2025-06-14 05:35:35+00:00,www.youtube.com,"State Leaders Speak on Possible Education Funding Cuts | June 13, 2025 - YouTube",,,,,,https://www.youtube.com/watch%3Fv%3D_03OS1c0lLk,State leaders are voicing their opinions on the possible education budget cuts. News 19 is North Alabama's News Leader!,,,,,2025-06-14 02:59:33.218064
,California,2025-06-14 05:35:01+00:00,Anchorage Daily News,Alaska leaders decry governor’s education veto as districts consider new rounds of cuts,,,,,,https://www.adn.com/alaska-news/education/2025/06/13/alaska-leaders-decry-governors-education-veto-as-districts-consider-new-rounds-of-cuts/,"“The veto is problematic even for those of us who are on a very conservative side of the aisle,” said Kenai Peninsula Borough Mayor Peter Micciche.",,https://www.adn.com/resizer/v2/LEYEBPPZ4NCSJL7ONE6LEOSCFE.jpg?smart=true&auth=1138d1536f955b43979d9c580d89e21fa325218dd26674cd0c07bf080cfeaa3a&width=1200&height=630,,,2025-06-14 02:59:33.218064
,California,2025-06-14 04:27:06+00:00,philanthropynewsdigest.org,BEAM Circular invites applications for Stanislaus Bioeconomy Workforce Development Fund,,,,,,https://philanthropynewsdigest.org/rfps/rfp17939-beam-circular-invites-applications-for-stanislaus-bioeconomy-workforce-development-fund,"... development, and industry growth in California's ... The organization has opened $2.3 million in grant funding to expand education programs ...",,,,,2025-06-14 02:59:33.218064
,California,2025-06-14 04:21:51+00:00,Grand Haven Tribune,Last day of school for GHAPS marks emotional farewell for Mary A. White community,,,,,,https://www.grandhaventribune.com/news/education/last-day-of-school-for-ghaps-marks-emotional-farewell-for-mary-a-white-community/article_bdcf1705-694f-5cc7-8652-29342dd8597c.html,While each school across the Grand Haven district had its own way of making the last day of the 2024-25 school year special for its students before the start of,,https://bloximages.newyork1.vip.townnews.com/grandhaventribune.com/content/tncms/assets/v3/editorial/f/08/f085864d-a1dc-50d2-859d-640da47cf10f/684c892a383bf.image.jpg?crop=1763%2C926%2C0%2C124&resize=1200%2C630&order=crop%2Cresize,,,2025-06-14 06:00:24.238043
,California,2025-06-14 03:33:29+00:00,Earth.com,Where you live may affect your dementia risk ,,,,,,https://www.earth.com/news/where-you-live-may-affect-your-dementia-risk/,Researchers have uncovered patterns that point to significant differences in dementia risk from one region of the United States to another.,,https://cff2.earth.com/uploads/2025/06/13092851/Dementia-risk-.jpg,,,2025-06-14 02:00:24.832242
,California,2025-06-14 03:02:07+00:00,New York Post,Randi Weingarten’s ‘No Kings’ push shows teachers union is prioritizing activism over education: source,,,,,,https://nypost.com/2025/06/13/us-news/randi-weingartens-no-kings-push-prioritizes-activism-over-education-source/,"Roughly 1,500 rallies are expected to disrupt hundreds of cities in all fifty states on Saturday.",,https://nypost.com/wp-content/uploads/sites/2/2025/06/newspress-collage-vjo56xbv2-1749846535579.jpg?quality=75&strip=all&1749832187&w=1024,,,2025-06-14 02:00:24.832242
,California,2025-06-14 02:39:08+00:00,Michigan Public,"Republican-led House passes higher education budget, Dems unimpressed",,,,,,https://www.michiganpublic.org/education/2025-06-13/republican-led-house-passes-higher-education-budget-dems-unimpressed,The Michigan House of Representatives passed its higher education budget proposal Thursday evening after a long day at the Michigan State Capitol.,,https://npr.brightspotcdn.com/dims4/default/62bc5ed/2147483647/strip/true/crop/3000x1575+0+213/resize/1200x630!/quality/90/?url=http%3A%2F%2Fnpr-brightspot.s3.amazonaws.com%2F1b%2F1a%2F03ef8794455080fb3c6e42057c0d%2Fimg-0187.jpg,,,2025-06-14 02:00:24.832242
,California,2025-06-14 01:54:45+00:00,https://www.uppermichiganssource.com,Bay College Iron Mountain Campus funding on August ballot,,,,,,https://www.uppermichiganssource.com/2025/06/14/bay-college-iron-mountain-campus-funding-august-ballot/,The campus millage of almost one mill is up for renewal.,,https://gray-wluc-prod.gtv-cdn.com/resizer/v2/RVE7TY7MD5ASHEXO4MR53EQ3LM.jpg?auth=7fd72fe9b2d9d052f9f07a22df027788a94af94624ed14c1d6662b88ff460c8e&width=1200&height=600&smart=true,,,2025-06-13 23:01:04.912442
,California,2025-06-14 01:35:41+00:00,Telegraph-Forum,Preschool in Bucyrus taking enrollment forms for 2025-2026 school year,,,,,,https://www.bucyrustelegraphforum.com/story/news/education/2025/06/13/good-hope-christian-preschool-enrolling-for-coming-school-year-bucyrus-ohio/84182410007/,Good Hope Christian Preschool is taking enrollment for the coming school year.,,"https://www.bucyrustelegraphforum.com/gcdn/authoring/authoring-images/2025/06/13/NDAR/84182487007-good-hope.jpg?crop=239,135,x0,y48&width=239&height=135&format=pjpg&auto=webp",,,2025-06-14 06:00:24.238043
,California,2025-06-14 00:57:13+00:00,alaskabeacon.com,Local officials warn of possible lawsuit in wake of Alaska governor's education funding veto,,,,,,https://alaskabeacon.com/2025/06/13/local-officials-warn-of-possible-lawsuit-in-wake-of-alaska-governors-education-funding-veto/,"... years and talking with other education groups in the meantime. The ... Originally from Oakland, California, she got her start as a reporter ...",,,,,2025-06-14 02:00:24.832242
,California,2025-06-14 00:53:04+00:00,Diverse: Issues In Higher Education,Harvard Medical School Faces Backlash Over Latest DEI Office Renaming,,,,,,http://diverseeducation.com/leadership-policy/article/15748525/harvard-medical-school-faces-backlash-over-latest-dei-office-renaming,"Harvard Medical School's decision to rename its Diversity, Inclusion and Community Partnership office has sparked significant reaction from students and observers.",,https://img.diverseeducation.com/mindful/cma/workspaces/default/uploads/2025/06/harvard-university-sign.ZkHKmjruzk.jpg?auto=format%2Ccompress&fit=max&q=70&w=1200,,,2025-06-13 23:01:04.912442
,California,2025-06-14 00:35:14+00:00,www.spedjobs.com,Now Hiring Early Childhood Special Education Teacher - SPED Jobs,,,,,,https://www.spedjobs.com/special-education-teacher-jobs/schools-special-education-teacher-tracy-wa/8843674-95376/j/,"-Caseload: Early Childhood, 15-30. Required Qualifications: -Valid California Education Specialist Credential. To apply for this awesome school ...",,,,,2025-06-13 22:01:09.899801
,California,2025-06-14 00:27:07+00:00,CalMatters,"Hoping for ‘a miracle’ to cure fiscal woes, California lawmakers nix some of the governor’s Medi-Cal cuts for immigrants. Democrats are divided.",,,,,,https://calmatters.org/health/2025/06/medi-cal-health-california-budget-legislature/,"Legislators, cutting $3.5 billion in funding, endorsed a freeze on state health care for undocumented immigrants but want lower premiums and other changes in Newsom's proposal.",,https://calmatters.org/wp-content/uploads/2025/06/072622_MLKHospital_PU_CM_22.jpg,,,2025-06-13 21:00:26.623108
,California,2025-06-14 00:06:21+00:00,BaytownSun.com,Chambers County Children’s museum welcomes new director,,,,,,http://baytownsun.com/local/chambers-county-children-s-museum-welcomes-new-director/article_137f23e2-2c98-424d-9082-2ae78a2ef25c.html,"The Chambers County Children’s Museum, in Mont Belvieu, announced the appointment of Kathy Harrison as its new Executive Director. With a deep-rooted background in early childhood education leadership, reading literacy",,https://bloximages.chicago2.vip.townnews.com/baytownsun.com/content/tncms/assets/v3/editorial/b/6c/b6cbd751-1bb6-4344-9ef6-cb6e178330bb/684cbb91efc0e.image.jpg?crop=1335%2C701%2C0%2C310&resize=1200%2C630&order=crop%2Cresize,,,2025-06-14 06:00:24.238043
,California,2025-06-14 00:05:04+00:00,Daily Herald,"New director, fresh vision: Elizabeth Higgins to lead Elmhurst preschool, now in its 36th year",,,,,,https://www.dailyherald.com/20250613/submitted-content/new-director-fresh-vision-elizabeth-higgins-to-lead-elmhurst-preschool-now-in-its-36th-year/,"Bethel Learning Center of Elmhurst announces Elizabeth Higgins will be taking the role of preschool director.  Since joining the center in 2021, Higgins has taught children in each age group, col...",,https://imengine.public.prod.pdh.navigacloud.com/?uuid=19864080-9bbd-5861-b4c1-5cec5531fdd6&function=fit&type=preview,,,2025-06-13 21:00:26.623108
,California,2025-06-13 23:53:25+00:00,www.newscentermaine.com,Sen. Collins speaks at Northern Light's Dementia Education Conference - News Center Maine,,,,,,https://www.newscentermaine.com/article/news/health/senator-susan-collins-northern-lights-dementia-education-conference/97-5c7fa77d-b835-45ff-9456-d372e0941543,"According to Northern Light Health, Maine faces a high prevalence of age-associated cognitive disorders and limited access to dementia specialists, ...",,,,,2025-06-13 23:01:04.912442
,California,2025-06-13 23:26:08+00:00,Education Week,The Number of Students Getting Free School Meals Is in Flux. Why?,,,,,,https://www.edweek.org/leadership/the-number-of-students-getting-free-school-meals-is-in-flux-why/2025/06,New York has become the latest state to make school meals free to all students regardless of income.,,https://epe.brightspotcdn.com/dims4/default/b6de08f/2147483647/strip/true/crop/1720x1150+0+0/resize/942x630!/quality/90/?url=https%3A%2F%2Fepe-brightspot.s3.us-east-1.amazonaws.com%2Fcc%2F27%2Fb0cd291d47deafaab5f0dbe1e419%2F061325-school-lunch-2-ap-bs.jpg,,,2025-06-13 21:00:26.623108
,California,2025-06-13 23:02:54+00:00,www.timesfreepress.com,Don’t sow chaos; create solutions and more letters to the editors | Chattanooga Times Free Press,,,,,,https://www.timesfreepress.com/news/2025/jun/13/dont-sow-chaos-create-solutions/,My father immigrated to the United States in 1947.,,https://wehco.media.clients.ellingtoncms.com/img/news/tease/2025/06/13/LettersEditors_IzSVZIu_t1200.jpg?57a0c2296240c280e9492005c3cad63e7cbe80f4,,,2025-06-13 21:00:26.623108
,California,2025-06-13 22:49:44+00:00,nj,N.J. teachers have just days left to apply for massive student loan relief program,,,,,,https://www.nj.com/education/2025/06/nj-teachers-have-just-days-left-to-apply-for-massive-student-loan-relief-program.html,"The program offers up to $20,000 in student loan forgiveness, but future funding is in jeopardy as proposed budget cuts loom.",,https://www.nj.com/resizer/v2/GMFOUPCKAZFILGQ3QGAVN5WNNI.jpg?auth=d0c9b42a77e583be28424f5cf3e470a5d666da1520e72e5150fb82b543ac7cd4&width=1280&quality=90,,,2025-06-13 20:03:34.880556
,California,2025-06-13 22:46:56+00:00,CBS 42,Alabama leaders react to proposed cuts at Dept. of Education,,,,,,https://www.cbs42.com/news/alabama-leaders-react-to-proposed-cuts-at-dept-of-education/,"MONTGOMERY, Ala. (WIAT) — State Superintendent Dr. Eric Mackey said they are watching for any budget changes at the Department of Education. President Donald Trump’s proposed education …",,https://www.cbs42.com/wp-content/uploads/sites/81/2022/10/GettyImages-576754694.jpg?w=1280,,,2025-06-13 20:03:34.880556
,California,2025-06-13 22:41:07+00:00,6abc Philadelphia,Altercation leads to shooting outside of day care; man critically injured,,,,,,https://6abc.com/post/philadelphia-altercation-leads-shooting-outside-day-care-bridesburg-man-critically-injured/16743729/,An altercation turned shooting is now being investigated outside of a day care center in Philadelphia's Bridesburg neighborhood.,,https://cdn.abcotvs.com/dip/images/16743813_061325-wpvi-shooting-outside-of-daycare-530-CC-vid.jpg?w=1600,,,2025-06-13 23:01:04.912442
,California,2025-06-13 22:13:28+00:00,Grand Haven Tribune,4th-grader designs last Mary A. White yearbook cover,,,,,,https://www.grandhaventribune.com/news/education/4th-grader-designs-last-mary-a-white-yearbook-cover/article_00674e22-d637-52d0-ae9b-fd9c87055d92.html,Mary A. White Elementary School fourth-grader Ansley Bloemers was awarded a special honor: having her art featured on the front cover of the elementary school’s last yearbook.,,https://bloximages.newyork1.vip.townnews.com/grandhaventribune.com/content/tncms/assets/v3/editorial/f/ef/fef88d9a-77b2-574f-b5eb-e2d5991f1056/6849da76d3068.image.jpg?crop=1659%2C871%2C0%2C189&resize=1200%2C630&order=crop%2Cresize,,,2025-06-13 23:01:04.912442
,California,2025-06-13 22:00:37+00:00,www.nytimes.com,"Brian Wilson Wrote the California Dream, but He Didn't Live It - The New York Times",,,,,,https://www.nytimes.com/2025/06/12/arts/music/brian-wilson-beach-boys-california.html,"An artist nearly synonymous with Los Angeles made his name crafting songs playing up his home state's beachy vibes. His inner life, however, ...",,,,,2025-06-13 20:03:34.880556
,California,2025-06-13 21:15:14+00:00,oregonlive,"Hit with concerns about hostile learning environments, Beaverton board votes to investigate another of its members",,,,,,https://www.oregonlive.com/education/2025/06/hit-with-concerns-about-hostile-learning-environments-beaverton-board-votes-to-investigate-another-of-its-members.html,"The complaints, all filed anonymously, were directed at outgoing school board member Susan Greenberg and center on an op-ed she wrote for a local newspaper.",,https://www.oregonlive.com/resizer/v2/U6WYD6R5YJE7PFVQIPFHOVWUBU.jpeg?auth=6b55e1a4fbe1b6ed358a627d7073022792e019b8f509cef3a467ea98cfb3d4d0&width=1280&quality=90,,,2025-06-13 21:00:26.623108
,California,2025-06-13 20:43:41+00:00,CalMatters,"Democrats resisted some of Gavin Newsom’s budget cuts, but left tough choices for later",,,,,,https://calmatters.org/politics/2025/06/california-budget-legislature-approves/,"The budget state lawmakers approved rejects some Medi-Cal cuts, and pays for public transit and higher education. Now the real negotiations with Newsom begin.",,https://calmatters.org/wp-content/uploads/2025/05/031325_Assembly-Floor_FG_CM_22.jpg,,,2025-06-13 17:39:34.690894
,California,2025-06-13 20:23:32+00:00,Journal Sentinel,Wisconsin Republicans cut $10 million from school-based mental health care after a request for increase,,,,,,https://www.jsonline.com/story/news/health/2025/06/13/wisconsin-republicans-cut-10-million-from-school-mental-health-care/84187243007/,"After the state superintendent proposed a historic $168 million to expand school mental health services, Republicans cut services by $10 million.",,"https://www.jsonline.com/gcdn/authoring/authoring-images/2025/03/13/PMJS/82362632007-mjs-underly-12-4.jpg?crop=4098,2306,x0,y234&width=3200&height=1801&format=pjpg&auto=webp",,,2025-06-13 19:06:13.626222
,California,2025-06-13 20:03:09+00:00,American Federation of Teachers,"Reconciliation bill threatens education, including college access",,,,,,https://www.aft.org/news/reconciliation-bill-threatens-education-including-college-access,"The budget reconciliation bill—the so-called “big beautiful bill” that threatens to harm working families in favor of giving tax cuts to the very wealthy—is still making its way through Congress, so it is not yet law. But even if the Senate manages to moderate some of its worst elements there are still huge cuts in the “Big Ugly Bill,” said AFT President Randi Weingarten at a virtual teach-in hosted by Sen. Ed Markey (D-Mass.) June 11. Read more about the harm the bill could do, and why our leaders are fighting back.",,https://www.aft.org/sites/default/files/styles/open_graph_image/public/media/images/2025/Reconciliation-1800x900.jpg?h=0cd817c1&itok=X7vvnxM7,,,2025-06-13 19:06:13.626222
,California,2025-06-13 19:15:46+00:00,California Grants Portal,2025 George H.W. Bush Vamos A Pescar Education Fund - California Grants Portal,,,,,,https://www.grants.ca.gov/grants/2025-george-h-w-bush-vamos-a-pescar-education-fund/,"Eligibility Requirements. Eligible Applicants: Nonprofit. To be eligible for grant funding from the competitive grant program, an applicant's programs ...",,,,,2025-06-13 15:57:52.543479
,California,2025-06-13 19:08:43+00:00,Moorpark Acorn -,Dedication reflected in new title,,,,,,https://www.mpacorn.com/articles/dedication-reflected-in-new-title/,"When Moorpark Unified kicks off the new school year, a familiar face will return with a new title. Deonna Armijo was recently named principal of Moorpark Preschools, which operates at the Early Childhood Center on Flory Avenue as well as at Walnut Canyon and Campus Canyon schools. The change in title from program coordinator, effective May 21, recognizes Armijo’s exceptional <a href=""https://www.mpacorn.com/articles/dedication-reflected-in-new-title/"">[…]</a>",,https://www.mpacorn.com/wp-content/uploads/images/2025-06-14/15p1.jpg,,,2025-06-13 17:03:14.644395
,California,2025-06-13 18:56:12+00:00,"San Mateo, CA Patch",Construction Starts On Learning Center In Bay Area,,,,,,https://patch.com/california/sanmateo/construction-starts-learning-center-san-mateo,The center is intended to offer STEM education for underserved Bay Area children. ,,https://patch.com/img/cdn20/shutterstock/27104086/20250612/080408/styles/patch_image/public/shutterstock-2282044199___12195850296.jpg,,,2025-06-13 19:06:13.626222
,California,2025-06-13 18:54:42+00:00,fullerton.catalog.acalog.com,"Program: Education, Elementary Curriculum and Instruction Concentration, Early Childhood ...",,,,,,https://fullerton.catalog.acalog.com/preview_program.php%3Fcatoid%3D70%26poid%3D32715%26returnto%3D8442%26print,"Online course catalog for Cal State Fullerton, a national university in Southern California offering 57 undergraduate and 52 graduate degree ...",,,,,2025-06-13 22:01:09.899801
,California,2025-06-13 18:40:16+00:00,Journal Sentinel,"MPS review ordered by Gov. Evers finds schools are understaffed, need effective training",,,,,,https://www.jsonline.com/story/news/education/2025/06/13/mgt-review-ordered-by-evers-mps-staff-need-better-academic-training/84178689007/,The outside review found the district was failing to ensure students with the greatest needs are taught by qualified teachers.,,"https://www.jsonline.com/gcdn/authoring/authoring-images/2025/02/25/PMJS/80224171007-mps-greenfield-bilingual-00925.JPG?crop=2399,1350,x0,y0&width=2399&height=1350&format=pjpg&auto=webp",,,2025-06-13 17:03:14.644395
,California,2025-06-13 18:30:53+00:00,SFGATE,"In the early 2000s, he became an icon. Now, Las Vegas magicians loathe him.",,,,,,https://www.sfgate.com/travel/article/criss-angel-early-2000s-icon-las-vegas-20372914.php,"He was Harry Houdini in a snakeskin cowboy hat, and hot moms loved him.",,https://s.hdnux.com/photos/01/50/52/67/27438552/3/rawImage.jpg,,,2025-06-13 17:39:34.690894
,California,2025-06-13 18:21:30+00:00,The Baltimore Banner,Trump’s response to LA propels No Kings Day protests across Maryland,,,,,,https://www.thebaltimorebanner.com/opinion/column/los-angeles-ice-no-kings-day-D3K75MCKGNCWBEHB4JJKJLPMII/,What the hell. It’s a pretty apt summary of this moment. No Kings Day protests planned to counter President Donald Trump's military birthday parade Saturday are growing in response to events in Los Angeles.,,https://www.thebaltimorebanner.com/resizer/v2/XPGCREA7IFEVZEBVR4ET7GRE3E.jpg?auth=5b6338489cb6641d1f5f343ba57faff1fe4b035694ae691e1dba94f3a3436d5e&width=900&smart=true&quality=85,,,2025-06-13 17:03:14.644395
,California,2025-06-13 18:17:32+00:00,PBS News,"Trump must return control of California National Guard to the state, judge rules",,,,,,https://www.pbs.org/newshour/nation/trump-must-return-control-of-california-national-guard-to-the-state-judge-rules,"The order, which takes effect at noon Friday, said the deployment of the Guard was illegal and both violated the Tenth Amendment and exceeded Trump's statutory authority.",,https://d3i6fh83elv35t.cloudfront.net/static/2025/06/GettyImages-2219193255-1024x683.jpg,,,2025-06-13 17:39:34.690894
,California,2025-06-13 18:15:04+00:00,www.pahouse.com,Bill saving taxpayers $616 million sits in the Senate,,,,,,https://www.pahouse.com/Hanbidge/EmailArchive/%3Fid%3D139025,"Our current cyber charter funding model is inefficient, inequitable, and fails to reflect the true cost of delivering education in a cyber setting.",,,,,2025-06-13 17:39:34.690894
,California,2025-06-13 17:45:43+00:00,jamanetwork.com,Early School Medicaid Expansions and Health Services for Children With Parental Opioid ...,,,,,,https://jamanetwork.com/journals/jama-health-forum/fullarticle/2835105,"... education funding, while Medicaid can reimburse a portion of these costs in select circumstances. Medicaid covers most SBHS through the Early and ...",,,,,2025-06-13 15:57:52.543479
,California,2025-06-13 17:29:17+00:00,Jagranjosh.com,"Who is Glennon Doyle? A Look at Her Early Life, Educational Qualifications, Achievements and More",,,,,,https://www.jagranjosh.com/us/trending/glennon-doyle-biography-1749813977,"Explore the life of Glennon Doyle, bestselling author, activist, and podcast host. Learn about her early life, career milestones, achievements, and commitment to social impact.",,https://img.jagranjosh.com/images/2025/June/1362025/Glennon-Doyle.jpg,,,2025-06-13 15:57:52.543479
,California,2025-06-13 17:25:01+00:00,The Herald-Times,"IU to freeze in-state undergraduate tuition through 2027, with $100M drop in funding",,,,,,https://www.heraldtimesonline.com/story/news/education/2025/06/13/iu-no-increase-for-in-state-undergraduate-tuition-100m-drop-in-funding-indiana-university/84171364007/,"""Students are priority number one, and we need to continue to support them,"" said Indiana University's chief financial officer.",,"https://www.heraldtimesonline.com/gcdn/authoring/authoring-images/2025/06/10/NHEN/84138397007-indiana-universtity-generic-image?crop=2999,1688,x0,y77&width=2999&height=1688&format=pjpg&auto=webp",,,2025-06-13 17:39:34.690894
,California,2025-06-13 17:19:39+00:00,www.kqed.org,Layoff Threats Weigh on Head Start Teachers and Parents in Hollister | KQED,,,,,,https://www.kqed.org/news/12044082/layoff-threats-weigh-on-head-start-teachers-and-parents-in-hollister,"With funding running out on June 30 and no word on a new grant, parents and staff at a Head Start center in Hollister don’t know if they’ll have a classroom or job to return to in the fall.",,https://cdn.kqed.org/wp-content/uploads/sites/10/2025/06/250610-HEADSTARTPROGRAMS-39-BL-KQED.jpg,,,2025-06-13 13:57:52.861570
,California,2025-06-13 17:07:11+00:00,EdSource,COMMENTARY: Eliminating programs that improve higher education access is a huge mistake,,,,,,https://edsource.org/2025/eliminating-programs-that-improve-higher-education-access-is-a-huge-mistake/734549,"TRIO programs slated for elimination in Donald Trump's ""skinny budget"" pave the way to higher education for thousands of students from disadvantaged backgrounds, including this author. ",,https://edsource.org/wp-content/uploads/2025/06/MayraPuente-leg-briefing-1024x683.jpeg,,,2025-06-13 13:57:52.861570
,California,2025-06-13 17:05:16+00:00,VTDigger,Opinion — Friends of Vermont Public Education: The Achilles’ heel of Vermont education reform,,,,,,https://vtdigger.org/2025/06/13/friends-of-vermont-public-education-the-achilles-heel-of-vermont-education-reform/,"Until Vermont creates one unified education system, no other meaningful education reform can happen.",,https://vtdigger.org/wp-content/uploads/2025/02/Commentaries_featured-image-25.png,,,2025-06-13 13:57:52.861570
,California,2025-06-13 16:27:03+00:00,www.lakeconews.com,Program provides food to California kids during summer break - Lake County News,,,,,,https://www.lakeconews.com/news/community/81821-program-provides-food-to-california-kids-during-summer-break,Eligible children who are not automatically enrolled in the program will need to apply with their school to get benefits. How SUN Bucks works. Most ...,,,,,2025-06-13 15:57:52.543479
,California,2025-06-13 16:09:52+00:00,New America,What’s New in AI-Focused Skilled Technical Workforce Education?,,,,,,https://www.newamerica.org/education-policy/edcentral/whats-new-in-ai-focused-skilled-technical-workforce-education/,How can education and training providers discern signal from noise in the AI economy? A national capacity-building effort is making progress in testing the art of the possible.,,https://d1y8sb8igg2f8e.cloudfront.net/images/ChatGPT_Image_Jun_13_2025_10_26_3.2e16d0ba.fill-1200x630.png,,,2025-06-13 14:57:38.959089
,California,2025-06-13 16:04:08+00:00,The Oaklandside,Want to help scientists learn more about the California coast? Join this weekend’s bioblitz at Lake Merritt ,,,,,,https://oaklandside.org/2025/06/13/snapshot-cal-coast-lake-merritt-bioblitz-event/,The California Academy of Science is leading a month of volunteer data collection to document life along coastal waters.,,https://oaklandside.org/wp-content/uploads/2025/04/large-LakeMerrit_Drone-11.jpg,,,2025-06-13 17:39:34.690894
,California,2025-06-13 16:02:26+00:00,www.newsfromthestates.com,Proposed federal funding cuts to tribal colleges spark fear | News From The States,,,,,,https://www.newsfromthestates.com/article/proposed-federal-funding-cuts-tribal-colleges-spark-fear,... funding for the schools ... Brown is studying early childhood education with hopes of going into social work to advocate for Native children.,,,,,2025-06-13 12:58:54.490429
,California,2025-06-13 16:00:32+00:00,eSchool News,Ignite Reading Again Approved as 1:1 High-Dosage Early Literacy Tutoring Provider in Massachusetts,,,,,,https://www.eschoolnews.com/newsline/2025/06/13/ignite-reading-again-approved-as-11-high-dosage-early-literacy-tutoring-provider-in-massachusetts/,Technology News & Innovation in K-12 Education,,https://www.eschoolnews.com/files/2025/06/ignite_Reading_MAssachusetts_2025.jpg,,,2025-06-13 13:57:52.861570
,California,2025-06-13 15:59:16+00:00,www.abc10.com,California pledged $100 million to children who lost their parents to COVID - ABC10,,,,,,https://www.abc10.com/article/news/local/california-covid-hope-accounts/103-e3ff2c8a-f564-4023-bbd0-44c76b3e9dad,"The money can be used to help cover expenses like education, rent or to start a business. “This program is really critical to make sure that children ...",,,,,2025-06-13 14:57:38.959089
,California,2025-06-13 15:37:04+00:00,Children's Defense Fund,"Rewriting the Rules: New Federal Policy Threatens Broadband Access for MS Children, Young Families - Children's Defense Fund",,,,,,https://www.childrensdefense.org/rewriting-the-rules-new-federal-policy-threatens-broadband-access-for-ms-children-young-families/,"This new federal policy shift forces Mississippi to scrap its broadband expansion plans, jeopardizing rural families’ access to reliable, affordable internet and prioritizing corporate interests over community needs.",,https://www.childrensdefense.org/wp-content/uploads/2024/11/cdf-logo-rgb_Horizontal-Logo-Full-Color-1200x675-1.png,,,2025-06-13 12:58:54.490429
,California,2025-06-13 15:17:41+00:00,NPR,"House votes to claw back NPR funding. And, Trump keeps control of California Guard",,,,,,https://www.npr.org/2025/06/13/g-s1-72575/up-first-newsletter-npr-pbs-rescission-california-national-guard-la-trump-newsom-israel-iran,"The House has voted to claw back $1.1 billion in funding for public media. And, an appeals court blocked an earlier ruling ordering Trump to relinquish control of the California Guard.",,https://npr.brightspotcdn.com/dims3/default/strip/false/crop/4000x2250+0+208/resize/1400/quality/100/format/jpeg/?url=http%3A%2F%2Fnpr-brightspot.s3.amazonaws.com%2Fcf%2Fda%2Fbd5707244d7da4ebcb35a8a581af%2Fap25122122648996.jpg,,,2025-06-13 11:58:37.509258
,California,2025-06-13 15:05:31+00:00,www.caller.com,"Corpus Christi Caller-Times Subscription Offers, Specials, and Discounts",,,,,,https://www.caller.com/story/news/education/2025/06/13/texas-legislature-property-insurance-windstorm-schools-coastal-bend/84147786007/,"Huge Savings: Subscribe today to enjoy sports, entertainment, life, money, tech, and travel news along with videos, apps, and more.",,https://staticassets.gannettdigital.com/gci-static-assets/assets/global/checkout/meta-generic.png,,,2025-06-13 11:58:37.509258
,California,2025-06-13 15:05:09+00:00,Capitol Weekly,Don’t eliminate a powerful force in California’s higher ed landscape - Capitol Weekly,,,,,,https://capitolweekly.net/dont-eliminate-a-powerful-force-in-californias-higher-ed-landscape/,"OPINION - A state entity like the California Education Learning Lab is essential for keeping California at the forefront of educational innovation, which is really where all innovation starts.",,https://capitolweekly.net/wp-content/uploads/2025/06/iStock-597959356.jpg,,,2025-06-13 11:58:37.509258
,California,2025-06-13 15:03:39+00:00,K-12 Dive,Test yourself on this week’s K-12 news,,,,,,https://www.k12dive.com/news/pop-quiz-test-k-12-news-june-13-2025/750609/,"From California’s lawsuit against the Justice Department to new research on children’s well-being, what did you learn from our recent stories?",,https://imgproxy.divecdn.com/_sv3cqWruL45w1qfNcP7lr91E2AnXcO_BS1EFDScFS8/g:ce/rs:fit:770:435/Z3M6Ly9kaXZlc2l0ZS1zdG9yYWdlL2RpdmVpbWFnZS9rMTItcG9wLXF1aXpfTUFCUTNZay5qcGc=.webp,,,2025-06-13 11:58:37.509258
,California,2025-06-13 14:56:45+00:00,alaskabeacon.com,"Amid bleak state revenue forecast, Alaska Gov. Dunleavy vetoes millions in education funding",,,,,,https://alaskabeacon.com/2025/06/12/amid-bleak-state-revenue-forecast-alaska-gov-dunleavy-vetoes-millions-in-education-funding/,"The governor's vetoes did not significantly change the size of the budget, and the amount of his vetoes was down from prior years. “I wish there would ...",,,,,2025-06-13 12:58:54.490429
,California,2025-06-13 14:52:34+00:00,www.nba.com,Foundation Friday: Honoring Black Music Month with Jazz at Lincoln Center | NBA.com,,,,,,https://www.nba.com/news/foundation-friday-honoring-black-music-month-with-jazz-at-lincoln-center,"Early learners participate in WeBop, a jazz education program for children under seven and their caregivers, which now runs over 15 weekly classes per ...",,,,,2025-06-13 11:58:37.509258
,California,2025-06-13 14:52:13+00:00,KFOR.com Oklahoma City,Governor Stitt quietly signs several Education bills,,,,,,https://kfor.com/news/oklahoma-education/governor-stitt-quietly-signs-several-education-bills/,"There are now a handful of bills still on the governor’s desk this week, after he quietly signed several that brought funding to Oklahoma education.",,https://kfor.com/wp-content/uploads/sites/3/2020/07/stitt.jpg?w=1280,,,2025-06-13 15:57:52.543479
,California,2025-06-13 14:41:48+00:00,www.gov.scot,International Education Strategy Governance Group minutes: April 2025,,,,,,https://www.gov.scot/publications/international-education-strategy-governance-group-minutes-april-2025/,Minutes from the Scottish Government International Education Strategy Governance Group meeting on 23 April 2025.,,https://www.gov.scot/assets/images/logos/SGLogo1200x630.png,,,2025-06-13 15:57:52.543479
,California,2025-06-13 14:36:14+00:00,mlive,"Millions of dollars in cuts to MSU, University of Michigan part of GOP’s revised plan",,,,,,https://www.mlive.com/politics/2025/06/millions-of-dollars-in-cuts-to-msu-university-of-michigan-part-of-gops-revised-plan.html,"The 13 other public universities in the state, besides Michigan State and Michigan, would see significantly higher funding under the Republican budget proposal that passed the Michigan House late Thursday.",,https://www.mlive.com/resizer/v2/FGVLGEXVVBHVHMK2BRZG4UQJZ4.jpg?auth=4db842b4bef239410632849d38dc3a6600cac7b9573968320f41a1bb2f349864&width=1280&quality=90,,,2025-06-13 13:57:52.861570
,California,2025-06-13 13:51:09+00:00,Santa Fe New Mexican,New Mexico again ranks last in child welfare and education grade book,,,,,,https://www.santafenewmexican.com/news/local_news/new-mexico-again-ranks-last-in-child-welfare-and-education-grade-book/article_50519c64-878d-45a4-9a84-385006a96a30.html,"The state backslid in several categories, including child poverty and fourth-grade reading proficiency, the report found.",,https://bloximages.newyork1.vip.townnews.com/santafenewmexican.com/content/tncms/assets/v3/editorial/2/55/255280bb-a335-4f00-9e31-efe559b7d5ed/68128cbd86b3e.image.jpg?crop=1616%2C848%2C0%2C217&resize=1200%2C630&order=crop%2Cresize,,,2025-06-13 11:58:37.509258
,California,2025-06-13 12:07:04+00:00,The News-Enterprise,New Early Learning bus brings school to children,,,,,,https://www.thenewsenterprise.com/news/local/new-early-learning-bus-brings-school-to-children/article_74ddf42d-9636-51fd-931a-51f2dae28e30.html,A school bus has been transformed into a classroom on wheels to help young children continue to learn while on summer break.,,https://bloximages.newyork1.vip.townnews.com/thenewsenterprise.com/content/tncms/assets/v3/editorial/e/0b/e0bb5145-ca61-50df-aa58-ab5155aa9ad3/684b36799fa9c.image.jpg?crop=1599%2C840%2C0%2C53&resize=1200%2C630&order=crop%2Cresize,,,2025-06-13 11:58:37.509258
,California,2025-06-13 11:38:57+00:00,"Inside Higher Ed | Higher Education News, Events and Jobs",Tenn. Lawsuit Puts Hispanic-Servings’ Fate on the Line,,,,,,https://www.insidehighered.com/news/government/politics-elections/2025/06/13/tenn-lawsuit-puts-hispanic-servings-fate-line,"The state and the group Students for Fair Admissions sued the federal government, arguing Hispanic-serving institutions—as currently defined—are unconstitutional.",,https://www.insidehighered.com/sites/default/files/styles/large/public/2025-06/Crushing_HSI.jpg?itok=vA9I6gQO,,,2025-06-13 11:58:37.509258
,California,2025-06-13 11:35:56+00:00,TimesDaily,Brooks named next state early education leader,,,,,,https://www.timesdaily.com/news/education/brooks-named-next-state-early-education-leader/article_fd4622aa-ba6a-4d5c-8293-b73ffb214b82.html,MONTGOMERY — Gov. Kay Ivey has tapped long-time educator and pre-K leader Ami Brooks as the next secretary of the Alabama Department of Early Childhood Education.,,https://bloximages.newyork1.vip.townnews.com/timesdaily.com/content/tncms/assets/v3/editorial/d/85/d8502ec1-0c28-49f9-89d9-810a04589a22/6849e62e2a110.image.jpg?crop=1121%2C589%2C0%2C630,,,2025-06-13 11:58:37.509258
,California,2025-06-13 10:39:24+00:00,Mother Jones,Parental rights is a movement with deep roots. It's spreading nationwide.,,,,,,https://www.motherjones.com/politics/2025/06/parental-rights-is-a-movement-with-deep-roots-its-spreading-nationwide/,"A ""no-guardrails"" version has become a cornerstone of Donald Trump’s authoritarian agenda.",,https://www.motherjones.com/wp-content/uploads/2025/06/20250612_parental-rights_2000.jpg?w=1200&h=630&crop=1,,,2025-06-13 12:58:54.490429
,California,2025-06-13 10:22:31+00:00,www.architecturalrecord.com,WoodWorks Reveals Winners of 2025 Wood in Architecture Award,,,,,,https://www.architecturalrecord.com/articles/17598-woodworks-reveals-winners-of-2025-wood-in-architecture-award,"Several awardees have appeared in RECORD, including higher-ed projects by Studio Gang and Lake|Flato.",,https://www.architecturalrecord.com/ext/resources/news/2025/June/2025-Wood-Architecture-Awards/WIN-Project-Profile_T3-RiNo_Image-1.jpg?height=635&t=1749752411&width=1200,,,2025-06-13 11:58:37.509258
,California,2025-06-13 09:40:35+00:00,KTLA,U.S. Career Institute’s Online High School Program Awarded MSA-CESS Accreditation,,,,,,https://ktla.com/business/press-releases/ein-presswire/821627662/u-s-career-institutes-online-high-school-program-awarded-msa-cess-accreditation,"The MSA-CESS accreditation process ensures institutional accountability, self-appraisal, improvement, and innovation. This milestone further validates our commitment to educational excellence and creating an environment that allows our students to achieve their educational and career goals.”— Megan Bowen, High School DirectorFORT COLLINS, CO, UNITED STATES, June 12, 2025 /EINPresswire.com/ -- U.S. Career Institute, a leading distance education provider, offering high school ...",,https://ktla.com/wp-content/uploads/sites/4/2020/01/favicon.png?strip=1&w=250,,,2025-06-13 11:58:37.509258
,California,2025-06-13 09:32:08+00:00,The Indianapolis Star,Indianapolis has a preschool crisis. Give voters a choice to fund it. | Opinion,,,,,,https://amp.indystar.com/story/opinion/2025/06/13/ips-universal-preschool-indianapolis/84153586007/,"With IPS ending free pre-K, Indianapolis' childcare crisis is worsening. Local communities should have the power to fund pre-K.",,"https://www.indystar.com/gcdn/authoring/authoring-images/2023/07/31/PIND/70502256007-073123-first-day-ips-kmw-015.JPG?crop=3599,2033,x0,y0&width=3200&height=1808&format=pjpg&auto=webp",,,2025-06-13 11:58:37.509258
,California,2025-06-13 08:32:12+00:00,Action News Jax,Lutheran Services Florida steps aside from leading Head Start in Duval County amid federal rebid,,,,,,https://www.actionnewsjax.com/news/local/lutheran-services-florida-steps-aside-leading-head-start-duval-county-amid-federal-rebid/JUXLK4WL7RCTLHCSYVFRNC5IGM/,"Big changes are on the horizon for early childhood education in Duval County, as Lutheran Services Florida (LSF) will no longer lead the region’s Head Start program. ",,https://cmg-cmg-tv-10050-prod.cdn.arcpublishing.com/resizer/v2/https%3A%2F%2Fd1hfln2sfez66z.cloudfront.net%2F06-12-2025%2Ft_327664e1167841e8a1b8ab519265a330_name_file_960x540_1200_v3_1_.jpg?auth=a973459233bf1584328c20bf10d03c28ddb35ed24bb1b8a42503292289a38e88&width=1200&height=630&smart=true,,,2025-06-13 11:58:37.509258
,California,2025-06-13 07:32:13+00:00,Journal Sentinel,"LaFollette Elementary becomes 7th school cleared of lead dangers, according to MPS",,,,,,https://www.jsonline.com/story/news/education/2025/06/12/128-year-old-lafollette-elementary-school-abated-for-lead-mps-says/84153067007/,Milwaukee Public Schools says it will clear all pre-1978 buildings of lead dangers by the end of the 2025 calendar year.,,"https://www.jsonline.com/gcdn/authoring/authoring-images/2025/03/14/PMJS/82404477007-lead-la-follette-00582.jpg?crop=2399,1350,x0,y255&width=2399&height=1350&format=pjpg&auto=webp",,,2025-06-13 11:58:37.509258
,California,2025-06-13 05:55:54+00:00,https://www.wsaw.com,15-year-old dies after getting sandwiched between 2 cars in private school parking lot,,,,,,https://www.wsaw.com/2025/06/12/15-year-old-dies-after-getting-sandwiched-between-2-cars-private-school-parking-lot/,"A 15-year-old was killed when a vehicle struck him in a parking lot at a California private school on June 4, sandwiching him between two vehicles, police said.",,https://gray-wsaw-prod.gtv-cdn.com/resizer/v2/IJEKMLJR7FFHHJAAL5XOJZSQJY.png?auth=a1a87cb976eeeb3f41c18344888e99c08289cc34bd49f01303da9195e37048f6&width=1200&height=600&smart=true,,,2025-06-13 11:58:37.509258
,California,2025-06-13 04:04:55+00:00,Conduit Street,Fun Fact: Which MD County Is Home to the World’s Oldest Working Crab Processing Plant?,,,,,,https://conduitstreet.mdcounties.org/2025/06/12/fun-fact-which-md-county-is-home-to-the-worlds-oldest-working-crab-processing-plant/,"The J. M. Clayton Company, located in Dorchester County, Maryland is considered the oldest working crab processing plant in the world. What once began as",,https://i0.wp.com/conduitstreet.mdcounties.org/wp-content/uploads/steamed-beach-chesapeake-bay-water-crab.jpg?fit=1920%2C931&ssl=1,,,2025-06-13 11:58:37.509258
,California,2025-06-13 03:02:26+00:00,www.newsfromthestates.com,Gov. Jeff Landry's signature education initiative left out of Louisiana budget,,,,,,https://www.newsfromthestates.com/article/gov-jeff-landrys-signature-education-initiative-left-out-louisiana-budget,The Louisiana Legislature overwhelmingly approved a $51 billion budget plan Thursday without funding for Gov. Jeff Landry's signature private ...,,,,,2025-06-13 11:58:37.509258
,California,2025-06-13 02:32:02+00:00,San Bernardino Sun,Legos and robotics build educational summer camp at California Baptist University,,,,,,https://www.sbsun.com/2025/06/12/legos-and-robotics-build-educational-summer-camp-at-california-baptist-university/,Riverside campus’ engineering college mixes fun with learning at its annual session.,,https://www.sbsun.com/wp-content/uploads/2025/06/RPE-L-LEGOS-0614-01TP-1.jpg?w=1024&h=960,,,2025-06-12 23:57:06.978288
,California,2025-06-13 02:15:42+00:00,www.mpc.edu,Early Childhood Education Lab School - Monterey Peninsula College,,,,,,https://www.mpc.edu/student-support/ece-lab-school/index.html,"Tuition & Funding. Thanks to California State Public Preschool (CSPP) funding and support from the state of California and county of Monterey, our ...",,,,,2025-06-13 07:57:51.329751
,California,2025-06-13 01:13:31+00:00,K-12 Dive,Unanimous SCOTUS ruling raises schools’ liability in disability cases,,,,,,https://www.k12dive.com/news/unanimous-scotus-ruling-raises-osseo-area-schools-ajt-fape-disability-liability/750569/,The decision in favor of a student with epilepsy overturns a higher burden of proof for students and families in disability disputes.,,https://imgproxy.divecdn.com/TmO0IHtQtabQH30Ek4oYzCMUKB3Epxrqj7RWlx6r5Zk/g:ce/rs:fit:770:435/Z3M6Ly9kaXZlc2l0ZS1zdG9yYWdlL2RpdmVpbWFnZS9zY290dXNfYmxkZ181LmpwZw==.webp,,,2025-06-12 23:11:34.664615
,California,2025-06-13 01:04:05+00:00,Conduit Street,State Accountability Highlighted as Concern During Education Reform Meeting,,,,,,https://conduitstreet.mdcounties.org/2025/06/12/state-accountability-highlighted-as-concern-during-education-reform-meeting/,"Local leaders, tasked with implementing the Blueprint for Maryland's Future (Blueprint), called on the state oversight committee to hold Governor and",,https://i0.wp.com/conduitstreet.mdcounties.org/wp-content/uploads/education-student-child-school.jpg?fit=1920%2C1440&ssl=1,,,2025-06-12 23:11:34.664615
,California,2025-06-13 01:02:17+00:00,Anchorage Daily News,Gov. Dunleavy vetoes $51M in school formula funding from budget,,,,,,https://www.adn.com/politics/2025/06/12/gov-dunleavy-vetoes-51m-school-funding-from-budget/,Legislative leaders have said that it is unlikely they will hold a special session this year to consider overriding Dunleavy’s school funding veto.,,https://www.adn.com/resizer/v2/2KHMBHGPJJHKFD76S26NRQLLNQ.JPG?smart=true&auth=8f20fb6fbeec985389a3063bd878787ff8b642d96aef88331180d00f7e8cbab5&width=1200&height=630,,,2025-06-12 23:11:34.664615
,California,2025-06-13 00:59:17+00:00,Head Start California,"Site Supervisor at Child Development Resources of Ventura County Inc. - Oxnard, CA",,,,,,https://www.jobsatheadstart.org/job/tp3xfw/site-supervisor/oxnard/ca,"Under the direct supervision of the early childhood assistant manager, the site supervisor shall be responsible to: Implement at center level, the service area plans consistent with Performance Standards, legislation and regulations, and requirements of the funding source. Provide direct supervision, guidance, leadership, coaching, technical assistance, and conduct timely performance reviews and positive progressive intervention, as needed, of teachers and cooks. Indirectly provide guidance a...",,https://siteresource.blob.core.windows.net/assets/prod/8cq5/logo_social.png?v=250613033352,,,2025-06-13 07:57:51.329751
,California,2025-06-12 23:36:08+00:00,CBS 42,"Montessori Reggio Academy Expands in Katy, Texas",,,,,,https://www.cbs42.com/business/press-releases/ein-presswire/821657769/montessori-reggio-academy-expands-in-katy-texas,"Now enrolling for the 2025–2026 school year! Apply today and join the MRA family! MRA Katy’s Principal and Head of Education & Curriculum joined our Primary students and our beloved mascot, Leo the Lion, for a fun and inspiring moment on campus Enrollment Now Open at Award-Winning Campus The goal of early childhood education should be to activate the child's own natural desire to learn.”— Maria MontessoriKATY, TX, UNITED STATES, June 12, 2025 /EINPresswire.com/ ...",,https://www.cbs42.com/wp-content/uploads/sites/81/2020/01/cropped-Logo-with-border-For-white-background.jpg?strip=1&w=250,,,2025-06-12 23:11:34.664615
,California,2025-06-12 23:05:38+00:00,LAist,CA school cuts threat,,,,,,https://laist.com/brief/news/education/trump-wants-to-cut-funding-for-california-schools-over-one-trans-athlete-its-not-so-easy,Trump wants cuts over one trans athlete,,https://scpr.brightspotcdn.com/dims4/default/c335db9/2147483647/strip/true/crop/1200x630+0+85/resize/1200x630!/quality/90/?url=http%3A%2F%2Fscpr-brightspot.s3.us-west-2.amazonaws.com%2Fe4%2Fc2%2F6c48953c4506adf2d15a320ba5e8%2Ftrump-funding-trans-atheletes.JPEG,,,2025-06-12 23:11:34.664615
,California,2025-06-12 22:52:47+00:00,OCDE Newsroom,OCDE shares student achievement and wellness data at first State of the Student Forum,,,,,,https://newsroom.ocde.us/ocde-reviews-data-to-highlight-progress-and-chart-next-steps-at-state-of-the-student-forum/,"OCDE hosted its first State of the Student Forum on June 12 to review the latest data on student outcomes with educational and community partners. The report highlights key successes and areas for growth, with the goal of driving positive, data-informed change.",,https://newsroom.ocde.us/wp-content/uploads/2025/06/img_2340.jpg,,,2025-06-12 23:11:34.664615
,California,2025-06-12 22:42:12+00:00,www.washingtonpost.com,"Live updates: House approves DOGE-inspired cuts to foreign aid, PBS, NPR",,,,,,https://www.washingtonpost.com/politics/2025/06/12/trump-presidency-news/,... funding for public media like PBS is integral to children's education. ... Alex Padilla (D-California) of “storming” Homeland Security Secretary Kristi ...,,,,,2025-06-12 23:11:34.664615
,California,2025-06-12 22:40:20+00:00,KTAR.com,DEI allegations made against Scottsdale school district,,,,,,https://ktar.com/arizona-education/dei-woke-scottsdale-district/5716489/,Superintendent of Public Instruction Tom Horne said he will report a Valley district to federal authorities over what he determined is DEI material.,,https://ktar.com/wp-content/uploads/2025/06/dei-scottsdale-unified.jpg,,,2025-06-12 23:11:34.664615
,California,2025-06-12 22:29:35+00:00,San Francisco Chronicle,"Legislature rejects ‘draconian’ cuts to UC and CSU, keeps TK-12 funding intact",,,,,,https://www.sfchronicle.com/bayarea/article/education-college-funding-cuts-budget-newsom-20374818.php,"The Legislature is challenging Gov. Gavin Newsom’s proposed funding cuts to higher education in 2026, while largely leaving intact the relatively more generous TK-12 spending the governor called...",,https://s.hdnux.com/photos/01/50/53/06/27439525/3/rawImage.jpg,,,2025-06-12 23:11:34.664615
,California,2025-06-12 22:09:11+00:00,richmondfreepress.com,"Barbara Grey, celebrated Richmond educator and mentor, dies at 99",,,,,,https://richmondfreepress.com/news/2025/jun/12/barbara-grey-celebrated-richmond-educator-and-mentor-dies-at-99/,"Teacher. Principal. Art Curator. Mother. Godmother. Friend.
Barbara Radcliffe Grey held many roles during her life and career, and she approached each with a dedication to creativity, growth and joy. That commitment, friends and family say, continues to resonate after her peaceful passing on Saturday, June 8, at age 99, surrounded by loved ones.",,https://epmgaa.media.clients.ellingtoncms.com/img/photos/2025/06/12/Barbara_Grey.jpg,,,2025-06-12 23:11:34.664615
,California,2025-06-12 21:58:45+00:00,Education Week,Trump Admin. Says California’s K-12 Funding Is at Risk. What Would It Mean?,,,,,,https://www.edweek.org/policy-politics/trump-admin-says-californias-k-12-funding-is-at-risk-what-would-it-mean/2025/06,"Title I and IDEA funding could be caught up in the battle between the White House and the largest state, which is led by Democrats.",,https://epe.brightspotcdn.com/dims4/default/5529d71/2147483647/strip/true/crop/1720x1150+0+0/resize/942x630!/quality/90/?url=https%3A%2F%2Fepe-brightspot.s3.us-east-1.amazonaws.com%2F5a%2F73%2F99b039c24704b58641a3e4815106%2F061225-donald-trump-ap-bs.jpg,,,2025-06-12 23:11:34.664615
,California,2025-06-12 21:34:14+00:00,The Baltimore Banner,Maryland lawmakers denounce handcuffing of US senator at immigration raids briefing,,,,,,https://www.thebaltimorebanner.com/politics-power/national-politics/alex-padilla-kristi-noem-immigration-KOKGBA5APBDN3FCDMMR2UNVQ4M/,A U.S. senator from California interrupted a news conference by Homeland Security Secretary Kristi Noem and demanded to ask a question. He was forcefully removed and handcuffed by officers.,,https://www.thebaltimorebanner.com/resizer/v2/LIC3CP5OPJGSXAZWHIBXQXEJPA.jpg?auth=791e9ff5170e8582aa34e956430e8a68aac826fba79b0592624296ebb6777232&width=900&smart=true&quality=85,,,2025-06-12 23:11:34.664615
,California,2025-06-12 21:04:58+00:00,Education Week,"California Is Poised to Pass a 'Science of Reading' Law After a Long, Tense Debate",,,,,,https://www.edweek.org/teaching-learning/california-is-poised-to-pass-a-science-of-reading-law-after-a-long-tense-debate/2025/06,"Advocates on both sides say the compromise bill is strong, but imperfect. Will it move literacy instruction forward in the state?",,https://epe.brightspotcdn.com/dims4/default/efb7a66/2147483647/strip/true/crop/1720x1150+0+0/resize/942x630!/quality/90/?url=https%3A%2F%2Fepe-brightspot.s3.us-east-1.amazonaws.com%2F3c%2F64%2Fff485d2745bd9f23e5f4a24bf41b%2F061225-elementary-students-ap-bs.jpg,,,2025-06-12 23:11:34.664615
,California,2025-06-12 20:58:17+00:00,Manistee News Advocate,MAPS honors 2 retirees with Golden Apple award,,,,,,https://www.manisteenews.com/news/article/maps-honors-bush-slawinski-golden-apple-award-20373814.php,"""They're a couple of excellent, excellent educators that have served our students and our education community extremely well.""",,https://s.hdnux.com/photos/01/50/52/52/27437742/5/rawImage.jpg,,,2025-06-12 23:11:34.664615
,California,2025-06-12 20:46:44+00:00,Ideastream Public Media,A father reflects on his relationship with his daughter,,,,,,https://www.ideastream.org/2025-06-12/a-father-reflects-on-his-relationship-with-his-daughter,"As Father's Day approaches, Jon Kalish reflects on his relationship with his daughter in an essay.",,,,,2025-06-12 23:11:34.664615
,California,2025-06-12 20:36:40+00:00,Detroit Free Press,"Michigan GOP school plan spends more, but axes free breakfast and lunch",,,,,,https://www.freep.com/story/news/politics/2025/06/12/michigan-house-republicans-school-budget/84157751007/,The K-12 budget approved by the Michigan Republican-controlled House June 11 is likely to see extensive changes before a school spending plan becomes law.,,"https://www.freep.com/gcdn/authoring/authoring-images/2024/08/27/PDTF/74966809007-getty-images-468080339.jpg?crop=2120,1193,x0,y110&width=2120&height=1193&format=pjpg&auto=webp",,,2025-06-12 23:11:34.664615
,California,2025-06-12 20:33:50+00:00,UCnet,From President Drake: Our work today will yield future public good | UCnet,,,,,,https://ucnet.universityofcalifornia.edu/employee-news/from-president-drake-our-work-today-will-yield-future-public-good/,President Drake reminds us that our work today is creating opportunities for students who will graduate many years from now.,,https://ucnet.universityofcalifornia.edu/wp-content/uploads/2024/09/PMVD_ucnet-feature.jpg,,,2025-06-12 23:11:34.664615
,California,2025-06-12 20:30:15+00:00,www.wsj.com,Lawyer Behind Affirmative Action Ban Takes on Funding for Hispanic Students - WSJ,,,,,,https://www.wsj.com/us-news/education/tennessee-sues-to-end-program-funding-colleges-with-high-hispanic-enrollment-7366d4ef,The Education Department didn't respond to a request for comment. Congress created the HSI program in the 1990s to improve educational attainment for ...,,,,,2025-06-12 23:11:34.664615
,California,2025-06-12 20:09:32+00:00,imprintnews.org,Fired Federal Child Welfare Workers Remain on Paid Leave - The Imprint News,,,,,,https://imprintnews.org/top-stories/with-states-and-tribes-left-unattended-fired-federal-child-welfare-workers-remain-on-paid-leave/261770,"California recipients “regularly relied” on federal Head Start staff “for many aspects of the day-to-day operations,” as well as “training, technical ...",,,,,2025-06-12 23:11:34.664615
,California,2025-06-12 19:53:10+00:00,Contra Costa News,Antioch School District Appoints Dr. Darnise Williams as Superintendent,,,,,,https://contracosta.news/2025/06/12/antioch-unified-school-district-appoints-dr-darnise-williams-as-superintendent/amp/,Antioch Unified School District Board of Education announced the selection of Dr. Darnise R. Williams as the next Superintendent of Schools,,https://contracosta.news/wp-content/uploads/2025/06/Antioch-Unified-Darnise-R.-Williams.gif,,,2025-06-12 23:11:34.664615
,Early Childhood Education,2025-06-12 14:01:29+00:00,The Century Foundation,Meeting the Moment: Preparing a Multilingual Workforce for California’s Youngest Learners,,,,,,https://tcf.org/content/report/meeting-the-moment-preparing-a-multilingual-workforce-for-californias-youngest-learners/,California’s Universal Pre-Kindergarten (UPK) initiative expands access to high-quality early learning for all of the state’s four-year-olds. Central to,,https://production-tcf.imgix.net/app/uploads/2025/06/02132057/GettyImages-2194440879-scaled.jpg?w=1280&h=1280&fit=max,,,2025-06-12 23:11:34.664615
,Early Childhood Education,2025-06-12 04:51:52+00:00,www.msn.com,This Portland organization has found a way to keep early childhood education accessible ... - MSN,,,,,,https://www.msn.com/en-us/news/us/this-portland-organization-has-found-a-way-to-keep-early-childhood-education-accessible-aided-by-a-prominent-philanthropist/ar-AA1GrxvA,"Albina Head Start, long a mainstay of free early child care and ... This Portland organization has found a way to keep early childhood education ...",,,,,2025-06-12 23:11:34.664615
,Early Childhood Education,2025-06-12 00:44:12+00:00,Alabama Political Reporter,Gov. Ivey appointing Ami Brooks to lead Department of Early Childhood Education,,,,,,https://www.alreporter.com/2025/06/11/gov-ivey-appointing-ami-brooks-to-lead-department-of-early-childhood-education/,"Ivey appointed Ami Brooks to lead the Alabama Department of Early Childhood Education, citing her passion for serving the state's youngest residents.",,https://www.alreporter.com/wp-content/uploads/2025/06/Ami-Brooks.jpg,,,2025-06-12 23:11:34.664615
